<?xml version="1.0" encoding="UTF-8"?>
<Products>
    <product id="01" type="Science">
        <image>Picture1.jpg</image>
        <name>Time Series and Statistics (The New Palgrave Series)</name>
        <isbn>9780333495513</isbn>
        <description>This is an excerpt from the 4-volume dictionary of economics, 
		a reference book which aims to define the subject of economics today. 
		1300 subject entries in the complete work cover the broad themes of economic theory. 
		This extract concentrates on time series and statistics.</description>
		<author>John Eatwell; Murray Milgate; Peter Newman</author>
        <buyprice>17.5</buyprice>
        <rentprice>10</rentprice>
        <sellprice>20</sellprice>
        <rebate>90</rebate>
        <quantity>10</quantity>
    </product>
    <product id="02"  type="Science">
        <image>Picture2.jpg</image>
        <name>What are the Stars?</name>
        <isbn>9788173717413</isbn>
        <description>This is the first volume in the series The Present Revolution in Astronomy authored by G Srinivasan. 
		The outstanding question in astronomy at the turn of the twentieth century was: 
		what are the stars and why are they as they are? In this volume, 
		the story of how the answer to this fundamental question was unravelled is narrated in an informal style, 
		with emphasis on the underlying physics. 
		It also gives an overview of the topics that will be covered in later volumes white dwarfs, 
		neutron stars, black holes, galaxies, and the universe at large.</description>
		<author>G.Srinivasan</author>
        <buyprice>6.5</buyprice>
        <rentprice>5</rentprice>
        <sellprice>10</sellprice>
        <rebate>95</rebate>
        <quantity>10</quantity>
    </product>
    <product id="03"  type="Science">
        <image>picture3.jpg</image>
        <name>The Biology of Deserts (Biology of Habitats)</name>
        <isbn>9780199211463 </isbn>
        <description>This book offers a concise but comprehensive introduction to desert ecology and adopts a strong evolutionary focus. 
		As with other titles in the Biology of Habitats Series, 
		the emphasis in the book is on the organisms that dominate this harsh environment, 
		although theoretical and experimental aspects as well as conservation and desertification are also considered</description>
		<author>David Ward</author>
        <buyprice>27.04</buyprice>
        <rentprice>20</rentprice>
        <sellprice>30</sellprice>
        <rebate>80</rebate>
        <quantity>10</quantity>
    </product>
    <product id="04"  type="Science">
        <image>Picture4.jpg</image>
        <name>Algorithms In Computational And Molecular Chemistry</name>
        <isbn>9781781542743</isbn>
        <description>Unread Copy in Perfect Condition Delivery will take 4-14 days. 
		Any duty charges/vat/gst charges if the charge are applicable at the destination it will be responsibility of the buyers</description>
		<author>Dr Lee Cerasale</author>
        <price>176.66</price>
        <buyprice>176.66</buyprice>
        <rentprice>150</rentprice>
        <sellprice>200</sellprice>
        <rebate>85</rebate>
        <quantity>10</quantity>
    </product>
    <product id="05"  type="Science">
        <image>Picture5.jpg</image>
        <name>Earth in the Balance: Ecology and the Human Spirit</name>
        <isbn> 9780395578216</isbn>
        <description>A passionate defender of the environment for more than 20 years, 
		Senator Al Gore from Tennessee is now convinced that the engines
		of human civilization have brought us to the brink of catastrophe. 
		In this brave work, 
		he argues that only a radical rethinking of our relationship with nature can save the earth for future generations.</description>
		<author>Al Gore</author>
        <buyprice>7</buyprice>
        <rentprice>5</rentprice>
        <sellprice>10</sellprice>
        <rebate>90</rebate>
        <quantity>10</quantity>
    </product>
   	<product id="06"  type="Science">
        <image>Picture6.jpg</image>
        <name>More Cymbidiums</name>
        <isbn>9780646272979</isbn>
        <description>Book by Graham Guest</description>
       	<author>Guest, Graham and Sue</author>
        <buyprice>36.18</buyprice>
        <rentprice>35</rentprice>
        <sellprice>40</sellprice>
        <rebate>99</rebate>
        <quantity>10</quantity>
    </product>
    <product id="07" type="Science">
        <image>Picture7.jpg</image>
        <name>The Last Man On The Moon - 1st Edition/1st Printing</name>
        <isbn>9780333495513</isbn>
        <description>This is an excerpt from the 4-volume dictionary of economics, 
		a reference book which aims to define the subject of economics today. 
		1300 subject entries in the complete work cover the broad themes of economic theory. 
		This extract concentrates on time series and statistics.</description>
		<author>Cernan, Eugene; Don Davis</author>
        <price>460</price>
        <buyprice>460</buyprice>
        <rentprice>450</rentprice>
        <sellprice>470</sellprice>
        <rebate>85</rebate>
        <quantity>10</quantity>
    </product>
    <product id="08" type="Science">
        <image>Picture8.jpg</image>
        <name>Beyond Vision: One Hundred Historic Scientific Photographs</name>
        <isbn>9780333495513</isbn>
        <description>This is an excerpt from the 4-volume dictionary of economics, 
		a reference book which aims to define the subject of economics today. 
		1300 subject entries in the complete work cover the broad themes of economic theory. 
		This extract concentrates on time series and statistics.</description>
		<author>Darius, Jon</author>
        <buyprice>14</buyprice>
        <rentprice>10</rentprice>
        <sellprice>20</sellprice>
        <rebate>0</rebate>
        <quantity>10</quantity>
    </product>
    <product id="09" type="Science">
        <image>Picture9.jpg</image>
        <name>A Guide to Preserving Food</name>
        <isbn>9780333495513</isbn>
        <description>This is an excerpt from the 4-volume dictionary of economics, 
		a reference book which aims to define the subject of economics today. 
		1300 subject entries in the complete work cover the broad themes of economic theory. 
		This extract concentrates on time series and statistics.</description>
		<author>John Eatwell; Murray Milgate; Peter Newman</author>
        <buyprice>12.83</buyprice>
        <rentprice>10</rentprice>
        <sellprice>15</sellprice>
        <rebate>80</rebate>
        <quantity>10</quantity>
    </product>
    <product id="10" type="Biography">
        <image>Picture12.jpg</image>
        <name>Digressions on some poems by Frank OHare</name>
        <isbn>9780749429271</isbn>
        <description>An unprecedented eyewitness account of the New York School, as seen between the lines of O' Hara' s poetry 
		Joe LeSueur lived with Frank O' Hara from 1955 until 1965, the years when O' Hara wrote his greatest poems, including " To the Film Industry in Crisis, 
		In Memory of My Feelings, " " Having a Coke with You, " and the famous Lunch Poems so called because O' Hara wrote them during his lunch break at the Museum of Modern Art, where he worked as a curator. </description>
		<author>Joe LeSueur</author>
        <buyprice>20</buyprice>
        <rentprice>10</rentprice>
        <sellprice>24</sellprice>
        <rebate>70</rebate>
        <quantity>10</quantity>
        </product>
    <product id="11" type="Biography">
        <image>Picture13.jpg</image>
        <name>True at First Light:A Fictional Memoir</name>
        <isbn>9780749429272</isbn>
        <description>Both a revealing self-portrait and dramatic fictional chronicle of his final African safari. Written in 1953, 
		edited and first published by son, Patrick, in 1999.</description>
		<author>Earnest Humingway</author>
        <buyprice>16</buyprice>
        <rentprice>14</rentprice>
        <sellprice>22</sellprice>
        <rebate>90</rebate>
        <quantity>10</quantity>
        </product>
    <product id="12" type="Biography">
        <image>Picture16.jpg</image>
        <name>Running with the Bulls </name>
        <isbn>9780749429273</isbn>
        <description>This memoir, by turns luminous, enthralling, and devastating, is the account of what she enjoyed, 
		and what she endured, during her astonishing years of living as a Hemingway. From the Hardcover edition</description>
		<author>Valerie hemingway</author>
        <buyprice>17</buyprice>
        <rentprice>10</rentprice>
        <sellprice>20</sellprice>
        <rebate>40</rebate>
        <quantity>10</quantity>
        </product>
    <product id="13" type="Biography">
        <image>Picture20.jpg</image>
        <name>The Book of Love</name>
        <isbn>9780749429274</isbn>
        <description>Once there was a gospel written in Christ's own hand: a treasure of almost unimaginable magnitude, 
		referred to by the Cathars of medieval France as The Book of Love.</description>
		<author>Katheleen Magowan</author>
        <buyprice>40</buyprice>
        <rentprice>10</rentprice>
        <sellprice>20</sellprice>
        <rebate>90</rebate>
        <quantity>10</quantity>
        </product>
    <product id="14" type="Biography">
        <image>Picture21.jpg</image>
        <name>The Brontes</name>
        <isbn>9780749429275</isbn>
        <description>In a revised and updated edition, the real story of the Brontë sisters, by distinguished scholar and historian
		Juliet Barker The story of the tragic Brontë family is familiar to everyone: we all know about the half-mad, repressive father, 
		the drunken, drug-addicted wastrel of a brother, wildly romantic Emily, unrequited Anne, and “poor Charlotte.” </description>
		<author>Juliet Barker</author>
        <buyprice>30</buyprice>
        <rentprice>10</rentprice>
        <sellprice>20</sellprice>
        <rebate>70</rebate>
        <quantity>10</quantity>
        </product>
    <product id="15" type="Biography">
        <image>Picture23.jpg</image>
        <name>The First Poets</name>
        <isbn>9780749429276</isbn>
        <description>A dazzling literary exploration by acclaimed poet and critic Michael Schmisbnt, 
		The First Poets brings to life for the general reader the great Greek poets who gave our poetic tradition its first bearings </description>
		<author>Michael Schimdct</author>
        <buyprice>48</buyprice>
        <rentprice>70</rentprice>
        <sellprice>50</sellprice>
        <rebate>90</rebate>
        <quantity>10</quantity>
        </product>
    <product id="16" type="Biography">
        <image>Picture25.jpg</image>
        <name>Vladimir Nabokov</name>
        <isbn>9780749429277</isbn>
        <description>Vladimir Vladimirovich Nabokov was a Russian-American novelist and entomologist. His first nine novels were in Russian, 
		but he achieved international prominence after he began writing English prose</description>
		<author>Vladimir Nabokov</author>
       <buyprice>30</buyprice>
        <rentprice>10</rentprice>
        <sellprice>20</sellprice>
        <rebate>60</rebate>
        <quantity>10</quantity>
        </product>
    <product id="17" type="Biography">
        <image>Picture27.jpg</image>
        <name>Wayne Booth- The Rheotic of Friction</name>
        <isbn>9780749429278</isbn>
        <description>Rhetoric is the author's term for the means by which the writer makes known his vision to the reader and persuades him of its valisbnity; 
		and he demonstrates convincingly that there is no essential</description>
		<author>Wayne C Booth</author>
       <buyprice>17</buyprice>
        <rentprice>20</rentprice>
        <sellprice>30</sellprice>
        <rebate>70</rebate>
        <quantity>11</quantity>
        </product>
    <product id="18" type="Biography">
        <image>Picture28.jpg</image>
        <name>William James-In TheMAlestrom of American Modernism</name>
        <isbn>9780749429279</isbn>
        <description>The definitive biography of the fascinating William James, whose life and writing put an indelible stamp on psychology, philosophy, 
		teaching, and religion on modernism itself Pivotal </description>
		<author>William James</author>
        <buyprice>28</buyprice>
        <rentprice>60</rentprice>
        <sellprice>27</sellprice>
        <rebate>80</rebate>
        <quantity>10</quantity>
        </product>
    <product id="19" type="Business and Economics">
        <image>Picture10.jpg</image>
        <name>Book Keeping</name>
        <isbn>9780749429280</isbn>
        <description>Keeping up-to-date accounting records can help to avoisbn business failure and high penalties from the Inland Revenue. 
		This text explains how to keep books for both VAT and non-VAT registered businesses.
		A 30-day trial CD containing Sage Instant Accounts and Instant Payroll packages is included</description>
		<author>Kirkland, Keith</author>
       <buyprice>20</buyprice>
        <rentprice>30</rentprice>
        <sellprice>20</sellprice>
        <rebate>50</rebate>
        <quantity>10</quantity>
        </product>
    <product id="20" type="Business and Economics">
        <image>Picture11.jpg</image>
        <name>Conference of the Theory of Ordinary and Partial Differential Equation</name>
        <isbn>9780749429281</isbn>
        <description>Some New Aspects of the Line Method for Parabolic Differential Equations.
		(a) parabolic differential equations , (b) ordinary differential equations in Banach behavior and stability,
		we refer to Chapter IV of the book by Walter (1970). II.</description>
		<author>W. N. EverittB. and  D. Sleeman</author>
        <buyprice>24</buyprice>
        <rentprice>16</rentprice>
        <sellprice>19</sellprice>
        <rebate>80</rebate>
        <quantity>10</quantity>
        </product>
	<product id="21" type="Business and Economics">
        <image>Picture14.jpg</image>
        <name>Investing Online for Dummies</name>
        <isbn>9780749429282</isbn>
        <description>On the integral manifolds of the differential equation with piecewise constant argument.</description>
		<author>Duke Sincherltein</author>
        <buyprice>70</buyprice>
        <rentprice>40</rentprice>
        <sellprice>30</sellprice>
        <rebate>30</rebate>
        <quantity>10</quantity>
        </product>
	<product id="22" type="Business and Economics">
        <image>Picture15.jpg</image>
        <name>Matched Asymptotic Expansions and Singular Perturbations</name>
        <isbn>9780749429283</isbn>
        <description>The online version of International Conference on Differential Equations 
		,the world's leading platform for high quality peer-reviewed full-text books.
		The partial differential equations based on the theory of semigroups of operators; lower closure .IN ORDINARY AND FUNCTIONAL DIFFERENTIAL EQUATIONS</description>
		<author>Mona Pearl</author>
       <buyprice>60</buyprice>
        <rentprice>10</rentprice>
        <sellprice>28</sellprice>
        <rebate>80</rebate>
        <quantity>10</quantity>
        </product>
	<product id="23" type="Business and Economics">
        <image>Picture17.jpg</image>
        <name>Selected Solutions for Intructors to Accompany Operations reasearch</name>
        <isbn>9780749429284</isbn>
        <description>3 rd International Conference on Symmetry of Differential Equations and share the latest developments in the theory and applications of Lie symmetry groups .
		Ordinary Differential Equations; Partial Differential Equations; Stochastic and The Springer Proceedings in Mathematics and Statistics: Book Series.</description>
		<author>Mike Harshfield</author>
       <buyprice>20</buyprice>
        <rentprice>10</rentprice>
        <sellprice>40</sellprice>
        <rebate>10</rebate>
        <quantity>10</quantity>
        </product>
	<product id="24" type="Business and Economics">
        <image>Picture18.jpg</image>
        <name>Stocks for the long Run</name>
        <isbn>9780749429285</isbn>
        <description>One of the most recent works on the subject of fractional calculus is the book of numerous other works 
		(books, edited volumes, and conference proceedings) , have obtained recently in the theory of ordinary and partial differential equations</description>
		<author>Scott Tailor</author>
        <buyprice>67</buyprice>
        <rentprice>60</rentprice>
        <sellprice>70</sellprice>
        <rebate>20</rebate>
        <quantity>10</quantity>
        </product>
	<product id="25" type="Business and Economics">
        <image>Picture19.jpg</image>
        <name>Technical Analysis of the Future Market</name>
        <isbn>9780749429286</isbn>
        <description>Stochastic Partial Differential Equations (CBMS-NSF Regional Conference .
		Theory of Taylor expansions of evolutionary-type stochastic partial differential .N
		umerical methods for random and stochastic ordinary differential equations .Series: CBMS-NSF Regional Conference Series in Applied Mathematics</description>
		<author>Bob Desputa</author>
        <buyprice>49</buyprice>
        <rentprice>40</rentprice>
        <sellprice>27</sellprice>
        <rebate>80</rebate>
        <quantity>10</quantity>
        </product>
	<product id="26" type="Business and Economics">
        <image>Picture22.jpg</image>
        <name>The Elements of Investing</name>
        <isbn>9780749429286</isbn>
        <description>Congress Cataloging-in-Publication Data. Zettl, Anton. linear ordinary differential equations including boundary value problems. 
		The  on the Theory of Ordinary and Partial Differential Equations, Dundee, 1974.</description>
		<author>Alice Walstecan</author>
        <buyprice>19</buyprice>
        <rentprice>10</rentprice>
        <sellprice>20</sellprice>
        <rebate>80</rebate>
        <quantity>10</quantity>
        </product>
    <product id="27" type="Business and Economics">
        <image>Picture24.jpg</image>
        <name>United Kingdom and European Share</name>
        <isbn>9780749429287</isbn>
        <description>Analysis, Ordinary and Partial Differential Equations, Optimization Theory . 
		An electronic book for teaching Computational Science and Engineering . 
		A regular conference devoted to the theory and applications of the finite element </description>
		<author>Roma Miller</author>
        <buyprice>10</buyprice>
        <rentprice>11</rentprice>
        <sellprice>27</sellprice>
        <rebate>90</rebate>
        <quantity>10</quantity>
        </product>
    <product id="28" type="Business and Economics">
        <image>Picture26.jpg</image>
        <name>Warren Buffett Portfolio</name>
        <isbn>9780749429288</isbn>
        <description>Extension theory and boundary problems for elliptic operators.
		Peter Gilkey) from the meeting "Spectral Theory and Partial Differential Equations". 
		Basic and advanced courses in Ordinary and Partial Differential Equations</description>
		<author>Abigeil Jackson</author>
        <buyprice>70</buyprice>
        <rentprice>16</rentprice>
        <sellprice>20</sellprice>
        <rebate>80</rebate>
        <quantity>10</quantity>
        </product>
   
     <product id="90" type="Horrors">
        <image>TheShining.jpg</image>
        <name>The Shining</name>
        <isbn>978-0307743657</isbn>
        <description>Jack Torrance’s new job at the Overlook Hotel is the perfect chance for a fresh start. As the off-season caretaker at the atmospheric old hotel, he’ll have plenty of time to spend reconnecting with his family and working on his writing. But as the harsh winter weather sets in, the idyllic location feels ever more remote . . . and more sinister. And the only one to notice the strange and terrible forces gathering around the Overlook is Danny Torrance, a uniquely gifted five-year-old.</description>
        <author>Stephen King</author>
        <buyprice>8.09</buyprice>
        <rentprice>4.98</rentprice>
        <sellprice>7.85</sellprice>
        <rebate>10</rebate>
        <quantity>10</quantity>
    </product>    
    <product id="91" type="Horrors">
        <image>It.jpg</image>
        <name>IT</name>
        <isbn>978-1501175466</isbn>
        <description>To the children, the town was their whole world. To the adults, knowing better, Derry, Maine was just their home town: familiar, well-ordered for the most part. A good place to live. It was the children who saw - and felt - what made Derry so horribly different. In the storm drains, in the sewers, IT lurked, taking on the shape of every nightmare, each one's deepest dread. Sometimes IT reached up, seizing, tearing, killing . . .The adults, knowing better, knew nothing.Time passed and the children grew up, moved away. The horror of IT was deep-buried, wrapped in forgetfulness. Until they were called back, once more to confront IT as IT stirred and coiled in the sullen depths of their memories, reaching up again to make their past nightmares a terrible present reality. </description>
        <author>Stephen King</author>
        <buyprice>7.25</buyprice>
        <rentprice>5</rentprice>
        <sellprice>4.75</sellprice>
        <rebate>2</rebate>
        <quantity>10</quantity>
    </product>
        <product id="92" type="Horrors">
        <image>SalemsLot.jpg</image>
        <name>Salems Lot</name>
        <isbn>978-0307743671</isbn>
        <description>Thousands of miles away from the small township of 'Salem's Lot, two terrified people, a man and a boy, still share the secrets of those clapboard houses and tree-lined streets. They must return to 'Salem's Lot for a final confrontation with the unspeakable evil that lives on in the town.</description>
        <author>Stephen King</author>
        <buyprice>10.38</buyprice>
        <rentprice>8.98</rentprice>
        <sellprice>8.35</sellprice>
        <rebate>5</rebate>
        <quantity>10</quantity>
    </product>
        <product id="93" type="Horrors">
        <image>Dracula.jpg</image>
        <name>Dracula</name>
        <isbn>978-0486454016</isbn>
        <description>You can find an alternative cover edition for this ISBN here and here. A rich selection of background and source materials is provided in three areas: Contexts includes probable inspirations for Dracula in the earlier works of James Malcolm Rymer and Emily Gerard. Also included are a discussion of Stoker's working notes for the novel and "Dracula's Guest," the original opening chapter to Dracula. Reviews and Reactions reprints five early reviews of the novel. "Dramatic and Film Variations" focuses on theater and film adaptations of Dracula, two indications of the novel's unwavering appeal. David J. Skal, Gregory A. Waller, and Nina Auerbach offer their varied perspectives. Checklists of both dramatic and film adaptations are included. Criticism collects seven theoretical interpretations of Dracula by Phyllis A. Roth, Carol A. Senf, Franco Moretti, Christopher Craft, Bram Dijsktra, Stephen D. Arata, and Talia Schaffer. A Chronology and a Selected Bibliography are included.</description>
        <author>Bram Stoker</author>
        <buyprice>9.45</buyprice>
        <rentprice>6.25</rentprice>
        <sellprice>5.24</sellprice>
        <rebate>5</rebate>
        <quantity>10</quantity>
    </product>
        <product id="94" type="Horrors">
        <image>TheExorcist.jpg</image>
        <name>The Exorcist</name>
        <isbn>978-0062094360</isbn>
        <description>Four decades after it first shook the nation, then the world, William Peter Blatty's thrilling masterwork of faith and demonic possession returns in an even more powerful form. Raw and profane, shocking and blood-chilling, it remains a modern parable of good and evil and perhaps the most terrifying novel ever written.</description>
        <author>William Peter Blatty</author>
        <buyprice>12.35</buyprice>
        <rentprice>5.09</rentprice>
        <sellprice>3.25</sellprice>
        <rebate>3</rebate>
        <quantity>10</quantity>
    </product>
        <product id="95" type="Horrors">
        <image>TheAmityvilleHorror.jpg</image>
        <name>The Amityville Horror</name>
        <isbn>978-1416507697</isbn>
        <description>On December 18, 1975, a young family of five moved into their new home, complete with finished basement, swimming pool, and boathouse. Twenty-eight days later, they fled in terror, leaving most of their belongings behind. — The fantastic story of their experiences was widely publicized on network television, newspapers, and national magazines. But the Lutz family never disclosed the full details to the media. Now, their own carefully-reconstructed memories -- and independent interviews with local clergy and police -- reveal their entire harrowing story.

George and Kathleen Lutz were aware that the house had been the scene of a mass murder -- Ronnie DeFeo, 23, was convicted of shooting his parents, brothers, and sisters. But it seemed an ideal home for them and their three children, and the price was right. On the day they moved in, a priest invited to bless the house was told by an unseen voice to "Get out!" At his rectory, he began to suffer a series of inexplicable afflictions. Meanwhile, alone in their new home, the Lutz family were embarking on the most terrifying experience of their lives. It began when their five-year-old daughter boasted of her new playmate, someone -- or something -- named "Jodie."

THE AMITYVILLE HORROR is an unforgettable book with all the shocks and gripping suspense of THE EXORCIST, THE OMEN, or ROSEMARY'S BABY -- but with one vital difference! As the author reports, "To the extent that I can verify them, all the events in this book are true."</description>
        <author>JayAnson</author>
        <buyprice>12</buyprice>
        <rentprice>10</rentprice>
        <sellprice>5</sellprice>
        <rebate>2</rebate>
        <quantity>10</quantity>
    </product>
        <product id="96" type="Horrors">
        <image>SleeplessBeauties.jpg</image>
        <name>Sleeping Beauties</name>
        <isbn>978-1501163401</isbn>
        <description>In a future so real and near it might be now, something happens when women go to sleep: they become shrouded in a cocoon-like gauze. If they are awakened, if the gauze wrapping their bodies is disturbed or violated, the women become feral and spectacularly violent. And while they sleep they go to another place, a better place, where harmony prevails and conflict is rare.</description>
        <author>Stephen King</author>
        <buyprice>19.49</buyprice>
        <rentprice>7.91</rentprice>
        <sellprice>6.91</sellprice>
        <rebate>0</rebate>
        <quantity>10</quantity>
    </product>
        <product id="97" type="Horrors">
        <image>Cujo.jpg</image>
        <name>Cujo</name>
        <isbn>978-1501143694</isbn>
        <description>Outside a peaceful town in central Maine, a monster is waiting. Cujo is a two-hundred-pound Saint Bernard, the best friend Brett Camber has ever had. One day Cujo chases a rabbit into a bolt-hole - a cave inhabited by sick bats. What happens to Cujo, how he becomes a horrifying vortex inexorably drawing in all the people around him makes for one of the most heart-stopping novels Stephen King has written. </description>
        <author>Stephen King, Owen King</author>
        <buyprice>10.65</buyprice>
        <rentprice>6.88</rentprice>
        <sellprice>4.32</sellprice>
        <rebate>0</rebate>
        <quantity>10</quantity>
    </product>
        <product id="98" type="Horrors">
        <image>HouseofLeaves.jpg</image>
        <name>House of Leaves</name>
        <isbn>978-0375703768</isbn>
        <description>Years ago, when House of Leaves was first being passed around, it was nothing more than a badly bundled heap of paper, parts of which would occasionally surface on the Internet. No one could have anticipated the small but devoted following this terrifying story would soon command. Starting with an odd assortment of marginalized youth -- musicians, tattoo artists, programmers, strippers, environmentalists, and adrenaline junkies -- the book eventually made its way into the hands of older generations, who not only found themselves in those strangely arranged pages but also discovered a way back into the lives of their estranged children.</description>
        <author>Mark Z. Danielewski</author>
        <buyprice>14.21</buyprice>
        <rentprice>14.00</rentprice>
        <sellprice>5.50</sellprice>
        <rebate>2</rebate>
        <quantity>10</quantity>
    </product>
        <product id="99" type="Horrors">
        <image>StrangeWeather.jpg</image>
        <name>Strange Weather: Four Short Novels</name>
        <isbn></isbn>
        <description>A collection of four chilling novels, ingeniously wrought gems of terror from the brilliantly imaginative, #1 New York Times bestselling author of The Fireman, Joe Hill

“Snapshot” is the disturbing story of a Silicon Valley adolescent who finds himself threatened by “The Phoenician,” a tattooed thug who possesses a Polaroid Instant Camera that erases memories, snap by snap.

A young man takes to the skies to experience his first parachute jump. . . and winds up a castaway on an impossibly solid cloud, a Prospero’s island of roiling vapor that seems animated by a mind of its own in “Aloft.”

On a seemingly ordinary day in Boulder, Colorado, the clouds open up in a downpour of nails—splinters of bright crystal that shred the skin of anyone not safely under cover. “Rain” explores this escalating apocalyptic event, as the deluge of nails spreads out across the country and around the world.

In “Loaded,” a mall security guard in a coastal Florida town courageously stops a mass shooting and becomes a hero to the modern gun rights movement. But under the glare of the spotlights, his story begins to unravel, taking his sanity with it. When an out-of-control summer blaze approaches the town, he will reach for the gun again and embark on one last day of reckoning.</description>
        <author>Joe Hill</author>
        <buyprice>18.29</buyprice>
        <rentprice>10.25</rentprice>
        <sellprice>5.37</sellprice>
        <rebate>5</rebate>
        <quantity>10</quantity>
    </product>
        <product id="100" type="Horrors">
        <image>Asylum.jpg</image>
        <name>Asylum</name>
        <isbn>978-0062220974</isbn>
        <description>Asylum is a thrilling and creepy photo-novel perfect for fans of the New York Times bestseller Miss Peregrine's Home for Peculiar Children.

For sixteen-year-old Dan Crawford, New Hampshire College Prep is more than a summer program—it's a lifeline. An outcast at his high school, Dan is excited to finally make some friends in his last summer before college. But when he arrives at the program, Dan learns that his dorm for the summer used to be a sanatorium, more commonly known as an asylum. And not just any asylum—a last resort for the criminally insane.

As Dan and his new friends, Abby and Jordan, explore the hidden recesses of their creepy summer home, they soon discover it's no coincidence that the three of them ended up here. Because the asylum holds the key to a terrifying past. And there are some secrets that refuse to stay buried.

Featuring found photos of unsettling history and real abandoned asylums and filled with chilling mystery and page-turning suspense, Madeleine Roux's teen debut, Asylum, is a horror story that treads the line between genius and insanity. </description>
        <author>Madeleine Roux</author>
        <buyprice>12.39</buyprice>
        <rentprice>8.98</rentprice>
        <sellprice>5.23</sellprice>
        <rebate>2</rebate>
        <quantity>10</quantity>
    </product>

          <product id="101" type="Literature">
        <image>ToKillaMockingbird.jpg</image>
        <name>To Kill a Mockingbird</name>
        <isbn>978-0061120084</isbn>
        <description>"When he was nearly thirteen, my brother Jem got his arm badly broken at the elbow.... When enough years had gone by to enable us to look back on them, we sometimes discussed the events leading to his accident. I maintain that the Ewells started it all, but Jem, who was four years my senior, said it started long before that. He said it began the summer Dill came to us, when Dill first gave us the idea of making Boo Radley come out."

Set in the small Southern town of Maycomb, Alabama, during the Depression, To Kill a Mockingbird follows three years in the life of 8-year-old Scout Finch, her brother, Jem, and their father, Atticus three years punctuated by the arrest and eventual trial of a young black man accused of raping a white woman. Though her story explores big themes, Harper Lee chooses to tell it through the eyes of a child. The result is a tough and tender novel of race, class, justice, and the pain of growing up.</description>
        <author>Harper Lee</author>
        <buyprice>15.29</buyprice>
        <rentprice>8.09</rentprice>
        <sellprice>12.99</sellprice>
        <rebate>3</rebate>
        <quantity>10</quantity>
    </product>
        <product id="101" type="Literature">
        <image>PrideandPrejudice.jpg</image>
        <name>Pride and Prejudice</name>
        <isbn>978-0679783268</isbn>
        <description>“It is a truth universally acknowledged, that a single man in possession of a good fortune must be in want of a wife.” So begins Pride and Prejudice, Jane Austen’s witty comedy of manners—one of the most popular novels of all time—that features splendidly civilized sparring between the proud Mr. Darcy and the prejudiced Elizabeth Bennet as they play out their spirited courtship in a series of eighteenth-century drawing-room intrigues. Renowned literary critic and historian George Saintsbury in 1894 declared it the “most perfect, the most characteristic, the most eminently quintessential of its author’s works,” and Eudora Welty in the twentieth century described it as “irresistible and as nearly flawless as any fiction could be.”</description>
        <author>Jane Austen, Anna Quindlen</author>
        <buyprice>10.23</buyprice>
        <rentprice>7.62</rentprice>
        <sellprice>7.20</sellprice>
        <rebate>2</rebate>
        <quantity>10</quantity>
    </product>
        <product id="102" type="Literature">
        <image>1984.jpg</image>
        <name>1984</name>
        <isbn>978-0451524935</isbn>
        <description>The year 1984 has come and gone, but George Orwell's prophetic, nightmarish vision in 1949 of the world we were becoming is timelier than ever. 1984 is still the great modern classic of "negative utopia" -a startlingly original and haunting novel that creates an imaginary world that is completely convincing, from the first sentence to the last four words. No one can deny the novel's hold on the imaginations of whole generations, or the power of its admonitions -a power that seems to grow, not lessen, with the passage of time.</description>
        <author>George Orwell, Erich Fromm</author>
        <buyprice>15.67</buyprice>
        <rentprice>10.23</rentprice>
        <sellprice>14.22</sellprice>
        <rebate>1</rebate>
        <quantity>10</quantity>
    </product>
        <product id="103" type="Literature">
        <image>TheGreatGatsby.jpg</image>
        <name>The Great Gatsby</name>
        <isbn>978-0743273565</isbn>
        <description>THE GREAT GATSBY, F. Scott Fitzgerald’s third book, stands as the supreme achievement of his career. This exemplary novel of the Jazz Age has been acclaimed by generations of readers. The story of the fabulously wealthy Jay Gatsby and his love for the beautiful Daisy Buchanan, of lavish parties on Long Island at a time when The New York Times noted “gin was the national drink and sex the national obsession,” is an exquisitely crafted tale of America in the 1920s.

The Great Gatsby is one of the great classics of twentieth-century literature.</description>
        <author>F. Scott Fitzgerald</author>
        <buyprice>10.26</buyprice>
        <rentprice>5.83</rentprice>
        <sellprice>6.99</sellprice>
        <rebate>5</rebate>
        <quantity>10</quantity>
    </product>
        <product id="104" type="Literature">
        <image>TheCatcherintheRye.jpg</image>
        <name>The Catcher in the Rye</name>
        <isbn>978-0316769174</isbn>
        <description>The hero-narrator of The Catcher in the Rye is an ancient child of sixteen, a native New Yorker named Holden Caulfield. Through circumstances that tend to preclude adult, secondhand description, he leaves his prep school in Pennsylvania and goes underground in New York City for three days. The boy himself is at once too simple and too complex for us to make any final comment about him or his story. Perhaps the safest thing we can say about Holden is that he was born in the world not just strongly attracted to beauty but, almost, hopelessly impaled on it. There are many voices in this novel: children's voices, adult voices, underground voices-but Holden's voice is the most eloquent of all. Transcending his own vernacular, yet remaining marvelously faithful to it, he issues a perfectly articulated cry of mixed pain and pleasure. However, like most lovers and clowns and poets of the higher orders, he keeps most of the pain to, and for, himself. The pleasure he gives away, or sets aside, with all his heart. It is there for the reader who can handle it to keep. 

J.D. Salinger's classic novel of teenage angst and rebellion was first published in 1951. The novel was included on Time's 2005 list of the 100 best English-language novels written since 1923. It was named by Modern Library and its readers as one of the 100 best English-language novels of the 20th century. It has been frequently challenged in the court for its liberal use of profanity and portrayal of sexuality and in the 1950's and 60's it was the novel that every teenage boy wants to read. </description>
        <author>J.D. Salinger</author>
        <buyprice>15.25</buyprice>
        <rentprice>8.02</rentprice>
        <sellprice>9.35</sellprice>
        <rebate>2</rebate>
        <quantity>10</quantity>
    </product>
        <product id="105" type="Literature">
        <image>ThePictureofDorianGray.jpg</image>
        <name>The Picture of Dorian Gray</name>
        <isbn>978-0375751516</isbn>
        <description>﻿Written in his distinctively dazzling manner, Oscar Wilde’s story of a fashionable young man who sells his soul for eternal youth and beauty is the author’s most popular work. The tale of Dorian Gray’s moral disintegration caused a scandal when it ﬁrst appeared in 1890, but though Wilde was attacked for the novel’s corrupting inﬂuence, he responded that there is, in fact, “a terrible moral in Dorian Gray.” Just a few years later, the book and the aesthetic/moral dilemma it presented became issues in the trials occasioned by Wilde’s homosexual liaisons, which resulted in his imprisonment. Of Dorian Gray’s relationship to autobiography, Wilde noted in a letter, “Basil Hallward is what I think I am: Lord Henry what the world thinks me: Dorian what I would like to be—in other ages, perhaps.” </description>
        <author>Oscar Wilde, Jeffrey Eugenides</author>
        <buyprice>12.23</buyprice>
        <rentprice>5.24</rentprice>
        <sellprice>10.89</sellprice>
        <rebate>4</rebate>
        <quantity>10</quantity>
    </product>
        <product id="106" type="Literature">
        <image>TheAdventuresofHuckleberryFinn.jpg</image>
        <name>The Adventures of Huckleberry Finn</name>
        <isbn>978-0142437179</isbn>
        <description>Mark Twain’s brilliant 19th-century novel has long been recognized as one of the finest examples of American literature. It brings back the irrepressible and free-spirited Huck, first introduced in The Adventures of Tom Sawyer, and puts him center stage. Rich in authentic dialect, folksy humor, and sharp social commentary, Twain’s classic tale follows Huck and the runaway slave Jim on an exciting journey down the Mississippi.</description>
        <author>Mark Twain</author>
        <buyprice>9.07</buyprice>
        <rentprice>6.53</rentprice>
        <sellprice>7.35</sellprice>
        <rebate>3</rebate>
        <quantity>10</quantity>
    </product>
        <product id="107" type="Literature">
        <image>JaneEyre.jpg</image>
        <name>Jane Eyre</name>
        <isbn>978-0142437209</isbn>
        <description>Orphaned into the household of her Aunt Reed at Gateshead and subject to the cruel regime at Lowood charity school, Jane Eyre nonetheless emerges unbroken in spirit and integrity. She takes up the post of governess at Thornfield, falls in love with Mr. Rochester, and discovers the impediment to their lawful marriage in a story that transcends melodrama to portray a woman's passionate search for a wider and richer life than Victorian society traditionally allowed.With a heroine full of yearning, the dangerous secrets she encounters, and the choices she finally makes, Charlotte Bronte's innovative and enduring romantic novel continues to engage and provoke readers.</description>
        <author>Charlotte Brontë, Michael Mason</author>
        <buyprice>15.29</buyprice>
        <rentprice>8.99</rentprice>
        <sellprice>10.25</sellprice>
        <rebate>4</rebate>
        <quantity>10</quantity>
    </product>
        <product id="108" type="Literature">
        <image>wutheringheights.jpg</image>
        <name>Wuthering Heights</name>
        <isbn>978-0393978896</isbn>
        <description>Wuthering Heights is a wild, passionate story of the intense and almost demonic love between Catherine Earnshaw and Heathcliff, a foundling adopted by Catherine's father. After Mr Earnshaw's death, Heathcliff is bullied and humiliated by Catherine's brother Hindley and wrongly believing that his love for Catherine is not reciprocated, leaves Wuthering Heights, only to return years later as a wealthy and polished man. He proceeds to exact a terrible revenge for his former miseries. The action of the story is chaotic and unremittingly violent, but the accomplished handling of a complex structure, the evocative descriptions of the lonely moorland setting and the poetic grandeur of vision combine to make this unique novel a masterpiece of English literature.</description>
        <author>Emily Brontë, Richard J. Dunn</author>
        <buyprice>14.24</buyprice>
        <rentprice>5.67</rentprice>
        <sellprice>12.43</sellprice>
        <rebate>10</rebate>
        <quantity>10</quantity>
    </product>
        <product id="109" type="Literature">
        <image>OliverTwist.jpg</image>
        <name>Oliver Twist</name>
        <isbn>978-0141439747</isbn>
        <description>'Let him feel that he is one of us; once fill his mind with the idea that he has been a thief, and he's ours, - ours for his life!' 

The story of the orphan Oliver, who runs away from the workhouse only to be taken in by a den of thieves, shocked readers when it was first published. Dickens's tale of childhood innocence beset by evil depicts the dark criminal underworld of a London peopled by vivid and memorable characters — the arch-villain Fagin, the artful Dodger, the menacing Bill Sikes and the prostitute Nancy. Combining elements of Gothic Romance, the Newgate Novel and popular melodrama, in Oliver Twist Dickens created an entirely new kind of fiction, scathing in its indictment of a cruel society, and pervaded by an unforgettable sense of threat and mystery.

This is the first critical edition to use the serial text of 1837-9, presenting Oliver Twist as it appeared to its earliest readers. It includes Dickens's 1841 introduction and 1850 preface, the original illustrations and a glossary of contemporary slang.</description>
        <author>Charles Dickens</author>
        <buyprice>12.97</buyprice>
        <rentprice>6.40</rentprice>
        <sellprice>10.22</sellprice>
        <rebate>5</rebate>
        <quantity>10</quantity>
    </product>
        <product id="110" type="Literature">
        <image>Frankenstein.jpg</image>
        <name>Frankenstein</name>
        <isbn>978-0141439471</isbn>
        <description>Mary Shelley began writing Frankenstein when she was only eighteen. At once a Gothic thriller, a passionate romance, and a cautionary tale about the dangers of science, Frankenstein tells the story of committed science student Victor Frankenstein. Obsessed with discovering the cause of generation and life and bestowing animation upon lifeless matter, Frankenstein assembles a human being from stolen body parts but; upon bringing it to life, he recoils in horror at the creature's hideousness. Tormented by isolation and loneliness, the once-innocent creature turns to evil and unleashes a campaign of murderous revenge against his creator, Frankenstein.

Frankenstein, an instant bestseller and an important ancestor of both the horror and science fiction genres, not only tells a terrifying story, but also raises profound, disturbing questions about the very nature of life and the place of humankind within the cosmos: What does it mean to be human? What responsibilities do we have to each other? How far can we go in tampering with Nature? In our age, filled with news of organ donation genetic engineering, and bio-terrorism, these questions are more relevant than ever. </description>
        <author>Mary Shelley</author>
        <buyprice>17.23</buyprice>
        <rentprice>8.33</rentprice>
        <sellprice>15.89</sellprice>
        <rebate>5</rebate>
        <quantity>10</quantity>
    </product>
    <product id="120" type="History">
        <image>History1.jpg</image>
        <name>Congress and the Bible</name>
        <isbn>9780615376851</isbn>
        <description>From the early settlements of Jamestown and Massachusetts Bay to the 113th Congress, this book objectively traces the relationship between the Bible and the United States Congress. With extensive documentation, the significant influence of the Bible upon the nation's founders and leaders is clearly established.</description>
        <author>James C. Kahler</author>
        <buyprice>19.25</buyprice>
        <rentprice>9.25</rentprice>
        <sellprice>20</sellprice>
        <rebate>90</rebate>
        <quantity>20</quantity>
    </product>
    <product id="121" type="History">
        <image>History2.jpg</image>
        <name>If By Sea: The Forging of the American Navy</name>
        <isbn>9780465016075</isbn>
        <description>The American Revolution-and thus the history of the United States-began not on land but on the sea. Paul Revere began his famous midnight ride not by jumping on a horse, but by scrambling into a skiff with two other brave patriots to cross Boston Harbor to Charlestown. </description>
        <author>George C. Daughan</author>
        <buyprice>9.95</buyprice>
        <rentprice>8.85</rentprice>
        <sellprice>9.50</sellprice>
        <rebate>50</rebate>
        <quantity>11</quantity>
    </product>
    <product id="122" type="History">
        <image>History3.jpg</image>
        <name>Our Sacred Honor: Words of Advice</name>
        <isbn>9780684841380</isbn>
        <description>Featuring the wisdom of Franklin, Jefferson, Adams, Washington, Hamilton, and others, an anthology of the words and accomplishments of America's founders offers inspirational lessons in courage, civility, honesty, piety, and other important virtues and values. 250,000 first printing. Tour. </description>
        <author>WILLIAM J. BENNETT</author>
        <buyprice>4.95</buyprice>
        <rentprice>3.95</rentprice>
        <sellprice>5.95</sellprice>
        <rebate>60</rebate>
        <quantity>12</quantity>
    </product>
    <product id="123" type="History">
        <image>History4.jpg</image>
        <name>George Washingtons War</name>
        <isbn>9781402202223</isbn>
        <description>The American Revolution was won not on the battlefields, but in the mind of George Washington. A compulsively readable narrative and extensive new history, George Washington’s War illuminates how during the war’s winter months the young general created a new model of leadership that would become the foundation of the new nation and the model for the American presidency. </description>
        <author>Bruce Chadwick</author>
        <buyprice>12.02</buyprice>
        <rentprice>11.02</rentprice>
        <sellprice>11</sellprice>
        <rebate>60</rebate>
        <quantity>14</quantity>
    </product>
    <product id="124" type="History">
        <image>History5.jpg</image>
        <name>Americas Second Revolution: How George Washington Defeated Patrick Henry and Saved the Nation</name>
        <isbn>9780470107515</isbn>
        <description>Every American Interested in understanding the American character and the American past should read this book. There are vivid history lessons on almost every page. The constitution becomes not merely a brilliant blueprint for governance. It is-and was-also the only alternative to chaos. </description>
        <author>Harlow Giles Unger</author>
        <buyprice>5.95</buyprice>
        <rentprice>5.95</rentprice>
        <sellprice>5.95</sellprice>
        <rebate>50</rebate>
        <quantity>10</quantity>
    </product>
    <product id="125" type="History">
        <image>History6.jpg</image>
        <name>So Vast So Beautiful a Land: Louisiana and the Purchase</name>
        <isbn>9780804009447</isbn>
        <description>Peter and Patricia Marx welcome you to BookMarx Bookstore! BookMarx is a quality used book dealer specializing in hard-to-find, out- of-print and unusual books with a heavy emphasis in theology. </description>
        <author>Marshall Sprague</author>
        <buyprice>3.25</buyprice>
        <rentprice>2.25</rentprice>
        <sellprice>12.01</sellprice>
        <rebate>0</rebate>
        <quantity>0</quantity>
    </product>
    <product id="126" type="History">
        <image>History7.jpg</image>
        <name>The Book of the Sword</name>
        <isbn>9780141434571</isbn>
        <description>Evolution and early history of swords, from pointy sticks to the barbarians of the early imperial Roman period, including metal-working techniques. Recently rebound in green quarter leather over vivid marbled boards, spine design from original binding decoration. </description>
        <author>Burton, Richard F.</author>
        <buyprice>850</buyprice>
        <rentprice>70</rentprice>
        <sellprice>750</sellprice>
        <rebate>55</rebate>
        <quantity>10</quantity>
    </product>
    <product id="127" type="History">
        <image>History8.jpg</image>
        <name>Pictures from Greek Life and Story</name>
        <isbn>9782222439471</isbn>
        <description>Established in 1991, Bookworks has had an on-line presence since 1999, shipping thousands of books to, well, dozens of countries. We have several thousand books on display at the Roscoe Antique Mall on Highway 75/Gardner Street in South Beloit. </description>
        <author>Church, A.J.</author>
        <buyprice>25</buyprice>
        <rentprice>10</rentprice>
        <sellprice>20</sellprice>
        <rebate>56</rebate>
        <quantity>9</quantity>
    </product>
    <product id="128" type="History">
        <image>History9.jpg</image>
        <name>The Rise of Richelieu</name>
        <isbn>9780719052385</isbn>
        <description>A real bookstore selling premium used books since 1989. Located one block west of Park Blvd., in San Diego's Hillcrest community. Store hours: Monday 10:30 am to 8:00 pm, closed Tuesdays, Wednesday thru Saturday 10:30 am to 8:00 pm, Sunday 11:00 am to 5:00 pm. </description>
        <author>Bergin, Joseph</author>
        <buyprice>16.95</buyprice>
        <rentprice>8.95</rentprice>
        <sellprice>15.95</sellprice>
        <rebate>5</rebate>
        <quantity>10</quantity>
    </product>

    <product id="130" type="Comics">
        <image>1.jpg</image>
        <name>LAS MEJORES HISTORIAS DE OTOMO. Memorias</name>
        <isbn>978074327356</isbn>
        <description>THE GREAT GATSBY, F. Scott Fitzgerald’s third book, stands as the supreme achievement of his career. This exemplary novel of the Jazz Age has been acclaimed by generations of readers. The story of the fabulously wealthy Jay Gatsby and his love for the beautiful Daisy Buchanan, of lavish parties on Long Island at a time when The New York Times noted “gin was the national drink and sex the national obsession,” is an exquisitely crafted tale of America in the 1920s.The Great Gatsby is one of the great classics of twentieth-century literature.</description>
        <author> Scott </author>
        <buyprice>26</buyprice>
        <rentprice>83</rentprice>
        <sellprice>9</sellprice>
        <rebate>5</rebate>
        <quantity>11</quantity>
    </product>

    <product id="131" type="Comics">
        <image>2.jpg</image>
        <name>COMIX UNDERGROUND U.S.A. - Nos. 1, 2 y 3</name>
        <isbn>978074327356</isbn>
        <description>THE GREAT GATSBY, F. Scott Fitzgerald’s third book. </description>
        <author> Fitzgerald</author>
        <buyprice>20</buyprice>
        <rentprice>5</rentprice>
        <sellprice>68</sellprice>
        <rebate>51</rebate>
        <quantity>9</quantity>
    </product>

    <product id="132" type="Comics">
        <image>3.jpg</image>
        <name>REM</name>
        <isbn>97807432735</isbn>
        <description>THE GREAT GATSBY, F. Scott Fitzgerald’s third book, stands as the supreme achievement of his career. This exemplary novel of the Jazz Age has been acclaimed by generations of readers. The story of the fabulously wealthy Jay Gatsby and his love for the beautiful Daisy Buchanan, of lavish parties on Long Island at a time when The New York Times noted “gin was the national drink and sex the national obsession,” is an exquisitely crafted tale of America in the 1920s.The Great Gatsby is one of the great classics of twentieth-century literature.</description>
        <author>F. Scott Fitzgerald</author>
        <buyprice>26</buyprice>
        <rentprice>45</rentprice>
        <sellprice>23</sellprice>
        <rebate>25</rebate>
        <quantity>6</quantity>
    </product>

    <product id="133" type="Comics">
        <image>4.jpg</image>
        <name>EL PATO DONALD</name>
        <isbn>97807432735</isbn>
        <description>THE GREAT GATSBY, F. Scott Fitzgerald’s third book, stands as the supreme achievement of his career. This exemplary novel of the Jazz Age has been acclaimed by generations of readers. The story of the fabulously wealthy Jay Gatsby and his love for the beautiful Daisy Buchanan, of lavish parties on Long Island at a time when The New York Times noted “gin was the national drink and sex the national obsession,” is an exquisitely crafted tale of America in the 1920s.The Great Gatsby is one of the great classics of twentieth-century literature.</description>
        <author>F. Scott Fitzgerald</author>
        <buyprice>10</buyprice>
        <rentprice>5</rentprice>
        <sellprice>62</sellprice>
        <rebate>53</rebate>
        <quantity>7</quantity>
    </product>

    <product id="134" type="Comics">
        <image>5.jpg</image>
        <name>Lovecraft</name>
        <isbn>97807432735</isbn>
        <description>THE GREAT GATSBY, F. Scott Fitzgerald’s third book, stands as the supreme achievement of his career. This exemplary novel of the Jazz Age has been acclaimed by generations of readers. The story of the fabulously wealthy Jay Gatsby and his love for the beautiful Daisy Buchanan, of lavish parties on Long Island at a time when The New York Times noted “gin was the national drink and sex the national obsession,” is an exquisitely crafted tale of America in the 1920s.The Great Gatsby is one of the great classics of twentieth-century literature.</description>
        <author>F. Scott Fitzgerald</author>
        <buyprice>40</buyprice>
        <rentprice>23</rentprice>
        <sellprice>20</sellprice>
        <rebate>51</rebate>
        <quantity>8</quantity>
    </product>

    <product id="135" type="Comics">
        <image>6.jpg</image>
        <name>Fierro</name>
        <isbn>97807432735</isbn>
        <description>THE GREAT GATSBY, F. Scott Fitzgerald’s third book, stands as the supreme achievement of his career. This exemplary novel of the Jazz Age has been acclaimed by generations of readers. The story of the fabulously wealthy Jay Gatsby and his love for the beautiful Daisy Buchanan, of lavish parties on Long Island at a time when The New York Times noted “gin was the national drink and sex the national obsession,” is an exquisitely crafted tale of America in the 1920s.The Great Gatsby is one of the great classics of twentieth-century literature.</description>
        <author>Bob</author>
        <buyprice>13</buyprice>
        <rentprice>78</rentprice>
        <sellprice>34</sellprice>
        <rebate>15</rebate>
        <quantity>7</quantity>
    </product>

    <product id="136" type="Comics">
        <image>7.jpg</image>
        <name>Aliens</name>
        <isbn>97807432735</isbn>
        <description>THE GREAT GATSBY, F. Scott Fitzgerald’s third book, stands as the supreme achievement of his career.  national drink and sex the national obsession,” is an exquisitely crafted tale of America in the 1920s.The Great Gatsby is one of the great classics of twentieth-century literature.</description>
        <author>F. Scott Fitzgerald</author>
        <buyprice>11</buyprice>
        <rentprice>5</rentprice>
        <sellprice>61</sellprice>
        <rebate>3</rebate>
        <quantity>8</quantity>
    </product>
  
    <product id="137" type="Comics">
        <image>8.jpg</image>
        <name>Ciuad</name>
        <isbn>97807432735</isbn>
        <description>The story of the fabulously wealthy Jay Gatsby and his love for the beautiful Daisy Buchanan, of lavish parties on Long Island at a time when The New York Times noted “gin was the national drink and sex the national obsession,” is an exquisitely crafted tale of America in the 1920s.The Great Gatsby is one of the great classics of twentieth-century literature.</description>
        <author>F. Scott Fitzgerald</author>
        <buyprice>12</buyprice>
        <rentprice>13</rentprice>
        <sellprice>14</sellprice>
        <rebate>6</rebate>
        <quantity>7</quantity>
    </product>

    <product id="138" type="Comics">
        <image>9.jpg</image>
        <name>LD</name>
        <isbn>97807432735</isbn>
        <description>THE GREAT GATSBY, F. Scott Fitzgerald’s third book, stands as the supreme achievement of his career.</description>
        <author>F. Scott Fitzgerald</author>
        <buyprice>45</buyprice>
        <rentprice>78</rentprice>
        <sellprice>45</sellprice>
        <rebate>51</rebate>
        <quantity>8</quantity>
    </product>

    <product id="139" type="Comics">
        <image>10.jpg</image>
        <name>Bang</name>
        <isbn>978-0743273567</isbn>
        <description> stands as the supreme achievement of his career. This exemplary novel of the Jazz Age has been acclaimed by generations of readers. The story of the fabulously wealthy Jay Gatsby and his love for the beautiful Daisy Buchanan, of lavish parties on Long Island at a time when The New York Times noted “gin was the national drink and sex the national obsession,” is an exquisitely crafted tale of America in the 1920s.The Great Gatsby is one of the great classics of twentieth-century literature.</description>
        <author>F. Scott Fitzgerald</author>
        <buyprice>11</buyprice>
        <rentprice>64</rentprice>
        <sellprice>6</sellprice>
        <rebate>15</rebate>
        <quantity>10</quantity>
    </product>

    <product id="140" type="crime">
        <image>SleepingMurder.jpg</image>
        <name>Sleeping Murder</name>
        <isbn>100396073735</isbn>
        <description>Christie died in Jan 1976 Ms Marple¿s last case was published in Oct 1976. (Book 12 in the Miss Marple series) "The Queen of Sleuths, Miss Marple, tries to solve a murder for a distraught friend. But was the murder real, or all in her friend's mind. " Fantastic Fiction Very good brown quarter-cloth over tan boards. Very good beige DJ. Light wear, spine extremity tear, chipping. (1976), 8vo, 242pp. Bookseller Inventory # 016537</description>
        <author>Agatha Christie</author>
        <buyprice>18</buyprice>
        <rentprice>10</rentprice>
        <sellprice>20</sellprice>
        <rebate>9</rebate>
        <quantity>25</quantity>     
 
    </product>
    <product id="141" type="crime">
        <image>CurtainPoirots.jpg</image>
        <name>Curtain: Poirots Last Case COLLINS CRIME CLUB SERIES</name>
        <isbn>100002316196</isbn>
        <description>First published 1975. "The house guests at Styles seemed perfectly pleasant to Captain Hastings, so he was shocked to learn from Hercule Poirot's declaration that one of them was a five-times murderer. True, the aging detective was crippled with arthritis, but had his deductive instincts finally deserted him?" oclc. Bookseller Inventory # 028714</description>
        <author>Agatha Christie</author>
        <buyprice>18</buyprice>
        <rentprice>8</rentprice>
        <sellprice>10</sellprice>
        <rebate>12</rebate>
        <quantity>15</quantity>
    </product>
    <product id="142" type="crime">
        <image>Murder-Go-Round.jpg</image>
        <name>Murder-Go-Round Including:Thirteen at Dinner; The A.B.C. Murders; Funerals are Fatal</name>
        <isbn>100396065546</isbn>
        <description>Miss Marple's first 70 years of solving crimes are celebrated with this new repackaged edition of a classic about the murder of a contemptible tycoon. When two less-deserving souls fall victim to the killer, Miss Marple is engaged to detect. The only link appears to be buried in a not-so-innocent verse. Bookseller Inventory # 016529</description>
        <author>Agatha Christie</author>
        <buyprice>18</buyprice>
        <rentprice>10</rentprice>
        <sellprice>20</sellprice>
       <rebate>4</rebate>
        <quantity>9</quantity>
    </product>
    <product id="143" type="crime">
        <image>MissMarple.jpg</image>
        <name>Miss Marples Final Cases And Two Other Stories CRIME CLUB SERIES</name>
        <isbn>9780002315968</isbn>
        <description>CONTENTS: Sanctuary; Strange Jest; Tape-Measure Murder; The Case of the Caretaker; The Case of the Perfect Maid; Miss Marple Tells A Story; The Dressmaker's Doll; In A Glass Darkly. " Miss Marple solves EIGHT cases which test her powers of detection.". </description>
        <author>Agatha Christie</author>
        <buyprice>18</buyprice>
        <rentprice>10</rentprice>
        <sellprice>20.28</sellprice>
        <rebate>5</rebate>
        <quantity>2</quantity>
    </product>
    <product id="144" type="crime">
        <image>TheGirl.jpg</image>
        <name>The Girl On The Train</name>
        <isbn>101594633665</isbn>
        <description>Riverhead Books, NY, 2015, 323 pages. First/First American Edition in Near Fine/Near Fine condition with some evidence of being read, edgewear to bottom and edgewear, some rubbing to DJ(see photos). The Author has Signed on the 2ns blank page in front. Also a Signed Copy sticker is affixed to front. The book is tight, square and unclipped. All books bubble wrapped and shipped promptly in a box. Bookseller Inventory # 0818451</description>
        <author>Paul Hawkins</author>
        <buyprice>18</buyprice>
        <rentprice>11.0</rentprice>
        <sellprice>20</sellprice>
        <rebate>9</rebate>
        <quantity>52</quantity>
    </product>
    <product id="145" type="crime">
        <image>AnIncomplete.jpg</image>
        <name>An Incomplete Revenge</name>
        <isbn>100396073735</isbn>
        <description>306 pp. Blue boards and red spine with gilt lettering. The colour illustrated dust jacket is wrapped in a Brodart archival jacket cover. Size: 8vo - over 7¾" - 9¾" tall. Bookseller Inventory # 009767</description>
        <author>Jacqueline Winspear</author>
        <buyprice>18</buyprice>
        <rentprice>11</rentprice>
        <sellprice>19</sellprice>
        <rebate>10</rebate>
        <quantity>62</quantity>
    </product>
    <product id="146" type="crime">
        <image>DeathParadise.jpg</image>
        <name>Death in Paradise</name>
        <isbn>100399147799</isbn>
        <description>Robert B. Parker is back in Paradise, where Detective Jesse Stone is looking for two things: the killer of a teenage girl—and someone, anyone, who is willing to claim the body…</description>
        <author>Robert B. Parker</author>
        <buyprice>18</buyprice>
        <rentprice>10</rentprice>
        <sellprice>20</sellprice>
        <rebate>21</rebate>
        <quantity>12</quantity>
    </product>
    <product id="147" type="crime">
        <image>AndThen.jpg</image>
        <name>And Then There Were None</name>
        <isbn>9780671467210</isbn>
        <description>And Then There Were None is a mystery novel by English writer Agatha Christie, widely considered her masterpiece and described by her as the most difficult of her books to write.[2] It was first published in the United Kingdom by the Collins Crime Club on 6 November 1939, as Ten Little Niggers,[3] after the British blackface song, which serves as a major plot point.[4][5] The US edition was not released until December 1939; its American reprints and adaptations were all retitled And Then There Were None, after the last five words in the nursery rhyme "Ten Little Indians".</description>
        <author>Agatha Christie</author>
        <buyprice>17</buyprice>
        <rentprice>17</rentprice>
        <sellprice>20</sellprice>
        <rebate>12</rebate>
        <quantity>22</quantity>
    </product>
    <product id="148" type="crime">
        <image>TheAdventures.jpg</image>
        <name>The Adventures of Sherlock Holmes</name>
        <isbn>0143058142</isbn>
        <description>Complete in nine handsome volumes, each with an introduction by a Doyle scholar, a chronology, a selected bibliography, and explanatory notes, the Oxford Sherlock Holmes series offers a definitive collection of the famous detective's adventures. No home library is complete without it.
 
Comprising the series of short stories that made the fortunes of the Strand, the magazine in which they were first published, this volume won even more popularity for Sherlock Holmes and Dr. Watson. Holmes is at the height of his powers in many of his most famous cases, including The Red-Headed League, The Speckled Band, and The Blue Carbuncle.</description>
        <author>Arthur Conan Doyle</author>
        <buyprice>15</buyprice>
        <rentprice>11.0</rentprice>
        <sellprice>20</sellprice>
        <rebate>15</rebate>
        <quantity>76</quantity>
    </product>
    <product id="149" type="crime">
        <image>Born.jpg</image>
        <name>Born a Crime: Stories From a South African Childhood</name>
        <isbn>100396073735</isbn>
        <description>Trevor Noah's unlikely path from apartheid South Africa to the desk of The Daily Show began with a criminal act: his birth. Trevor was born to a white Swiss father and a black Xhosa mother at a time when such a union was punishable by five years in prison. Living proof of his parents' indiscretion, Trevor was kept mostly indoors for the earliest years of his life, bound by the extreme and often absurd measures his mother took to hide him from a government that could, at any moment, steal him away. Finally liberated by the end of South Africa's tyrannical white rule, Trevor and his mother set forth on a grand adventure, living openly and freely and embracing the opportunities won by a centuries-long struggle.
        </description>
        <author>Trevor Noah</author>
        <buyprice>25</buyprice>
        <rentprice>21.0</rentprice>
        <sellprice>20</sellprice>
        <rebate>9</rebate>
        <quantity>82</quantity>
    </product>
</Products>