<?xml version="1.0" encoding="UTF-8"?>
<BikeCatalog>
    <bike id="B1" type="A">
        <image>images/mountain1.jpg</image>
        <name>Mountain Bike</name>
		<pickup>Y</pickup>
        <rentPrice>20.99</rentPrice>
		<description>Mountain bikes often have suspension to help any cyclist navigate rocky mountain trails</description>
		<discounAmt>10.0</discounAmt>  
		<quantity>25</quantity>
        
    </bike>
	<bike id="B2" type="B">
        <image>images/hybrid.jpg</image>
        <name>Hybrid/Comfort Bike</name>        
        <pickup>Y</pickup>
		<rentPrice>9.99</rentPrice>
		<description>Bikes are loaded with comfort features and will work equally well on smooth dirt, paved trails, and family cycling trips.</description>
		<discounAmt>5.0</discounAmt>  
		<quantity>15</quantity>
        
    </bike>
	<bike id="B3" type="A">
        <image>images/road.jpg</image>
        <name>Road Bike</name> 
		<pickup>X</pickup>
        <rentPrice>9.99</rentPrice>
		<description>A road bike is the supreme choice for anyone whose intent is  to ride on pavement, especially for longer rides</description>
		<discounAmt>7.0</discounAmt>  
		<quantity>18</quantity>
        
    </bike>
	<bike id="B4" type="A">
        <image>images/tri-tt.jpg</image>
        <name>Triathlon/Time Trial Bike</name>        
        <pickup>X</pickup>
		<rentPrice>13.99</rentPrice>
		<description>The geometry of the bicycle frame is designed to suit triathlon or time trial racing, both heavily focused on aerodynamics.</description>
		<discounAmt>0.0</discounAmt>  
		<quantity>12</quantity>
        
    </bike>
	<bike id="B5" type="B">
        <image>images/bmx.jpg</image>
        <name>BMX/Trick Bike</name>        
        <pickup>X</pickup>
		<rentPrice>16.99</rentPrice>
		<description>These bikes are often very robust and durable and would be the best selection for anyone intending to do jumps or tricks.</description>
		<discounAmt>9.0</discounAmt>  
		<quantity>10</quantity>
        
    </bike>
	<bike id="B6" type="A">
        <image>images/commuter.jpg</image>
        <name>Commuting Bike</name>        
        <pickup>X</pickup>
		<rentPrice>13.99</rentPrice>
		<description>Commuting bikes generally have practical amenities such as lights, rear racks, bags, locks and fenders. </description>
		<discounAmt>5.0</discounAmt>  
		<quantity>15</quantity>
        
    </bike>
	<bike id="B7" type="B">
        <image>images/cyclocross.jpg</image>
        <name>Cyclocross Bike</name>        
        <pickup>Y</pickup>
		<rentPrice>14.99</rentPrice>
		<description>These bikes are designed to be raced around a dirt trail where obstacles have been placed at various intervals.</description>
		<discounAmt>2.0</discounAmt>  
		<quantity>15</quantity>
        
    </bike>
	<bike id="B8" type="A">
        <image>images/track.jpg</image>
        <name>Track Bike/Fixed Gear</name>        
        <pickup>X</pickup>
		<rentPrice>10.99</rentPrice>
		<description>Track bikes do not even have brakes so the athlete must use their leg strength to stop the cranks from turning, which stops the motion of the bike. </description>
		<discounAmt>5.0</discounAmt>  
		<quantity>12</quantity>
        
    </bike>
	<bike id="B9" type="A">
        <image>images/tandem.jpg</image>
        <name>Tandem</name>        
        <pickup>Y</pickup>
		<rentPrice>13.99</rentPrice>
		<description>Two riders of different abilities can enjoy a ride at the same pace when riding a tandem. </description>
		<discounAmt>0.0</discounAmt>  
		<quantity>8</quantity>
        
    </bike>
	<bike id="B10" type="B">
        <image>images/kids1.jpg</image>
        <name>Kids Bike</name>        
        <pickup>X</pickup>
		<rentPrice>5.99</rentPrice>
		<description>Every aspect of these vehicles is scaled down to be safe and appropriate for a child.</description>
		<discounAmt>.0</discounAmt>  
		<quantity>5</quantity>
        
    </bike>
   
</BikeCatalog>